https://habr.com/ru/post89740/,404 Not Found
https://habr.com/ru/companykillfactory/blog/713386/,404 Not Found
https://habr.com/ru/post89740/,404 Not Found
https://habr.com/ru/companykillfactory/blog/713386/,404 Not Found
https://habr.com/ru/post89740/,404 Not Found
https://habr.com/ru/companykillfactory/blog/713386/,404 Not Found
https://habr.com/ru/post89740/,404 Not Found
https://habr.com/ru/companykillfactory/blog/713386/,404 Not Found,2023-02-01 13:41:09.1152296 +0300 MSK m=+0.819692601
https://habr.com/ru/post89740/,404 Not Found,2023-02-01 13:41:09.2849457 +0300 MSK m=+0.989408701
https://habr.com/ru/po4118/,404 Not Found,2023-02-01 13:41:09.8533053 +0300 MSK m=+1.557768301
https://habr.com/ru/companykillfactory/blog/713386/,404 Not Found,2023-02-01T14:04:26
https://habr.com/ru/post89740/,404 Not Found,2023-02-01T14:04:27
https://habr.com/ru/po4118/,404 Not Found,2023-02-01T14:04:27
https://habr.com/ru/companykillfactory/blog/713386/,Ɣ,2023-02-01T14:07:36
https://habr.com/ru/post89740/,Ɣ,2023-02-01T14:07:36
https://habr.com/ru/po4118/,Ɣ,2023-02-01T14:07:37
https://habr.com/ru/companykillfactory/blog/713386/,Ɣ,2023-02-01T14:08:30
https://habr.com/ru/post89740/,Ɣ,2023-02-01T14:08:30
https://habr.com/ru/po4118/,Ɣ,2023-02-01T14:08:30
https://habr.com/ru/companykillfactory/blog/713386/,Ɣ,2023-02-01T14:09:22
https://habr.com/ru/post89740/,Ɣ,2023-02-01T14:09:22
https://habr.com/ru/po4118/,Ɣ,2023-02-01T14:09:22
https://habr.com/ru/companykillfactory/blog/713386/,404,2023-02-01T14:10:27
https://habr.com/ru/post89740/,404,2023-02-01T14:10:27
https://habr.com/ru/po4118/,404,2023-02-01T14:10:28
https://habr.com/ru/companykillfactory/blog/713386/,404,2023-02-01T14:20:14
https://habr.com/ru/post89740/,404,2023-02-01T14:20:14
https://habr.com/ru/po4118/,404,2023-02-01T14:20:15
https://habr.com/ru/companykillfactory/blog/713386/,404,2023-02-01T14:54:49
https://habr.com/ru/post89740/,404,2023-02-01T14:54:49
https://habr.com/ru/po4118/,404,2023-02-01T14:54:50
https://habr.com/ru/companykillfactory/blog/713386/,404,2023-02-02T17:10:45
https://habr.com/ru/post89740/,404,2023-02-02T17:10:45
https://habr.com/ru/po4118/,404,2023-02-02T17:10:46
https://habr.com/ru/companykillfactory/blog/713386/,404,2023-02-02T18:14:34
https://habr.com/ru/post89740/,404,2023-02-02T18:14:34
https://habr.com/ru/po4118/,404,2023-02-02T18:14:34
https://habr.com/ru/companykillfactory/blog/713386/,404,2023-02-13T11:53:42
https://habr.com/ru/post89740/,404,2023-02-13T11:53:43
https://habr.com/ru/po4118/,404,2023-02-13T11:53:43
https://habr.com/ru/companykillfactory/blog/713386/,404,2023-02-13T11:55:49
https://habr.com/ru/post89740/,404,2023-02-13T11:55:49
https://habr.com/ru/po4118/,404,2023-02-13T11:55:50
https://habr.com/ru/companykillfactory/blog/713386/,404,2023-02-13T12:18:19
https://habr.com/ru/post89740/,404,2023-02-13T12:18:19
https://habr.com/ru/po4118/,404,2023-02-13T12:18:20
https://habr.com/ru/companykillfactory/blog/713386/,404,2023-02-13T12:19:42
https://habr.com/ru/post89740/,404,2023-02-13T12:19:42
https://habr.com/ru/po4118/,404,2023-02-13T12:19:43
https://habr.com/ru/post89740/,404,2023-02-13T12:27:54
https://habr.com/ru/po4118/,404,2023-02-13T12:27:54
https://habr.com/ru/companykillfactory/blog/713386/,404,2023-02-13T12:27:54
https://habr.com/ru/post89740/,404,2023-02-13T12:28:09
https://habr.com/ru/po4118/,404,2023-02-13T12:28:09
https://habr.com/ru/companykillfactory/blog/713386/,404,2023-02-13T12:28:09
https://habr.com/ru/po4118/,404,2023-02-13T12:29:15
https://habr.com/ru/post89740/,404,2023-02-13T12:29:15
https://habr.com/ru/companykillfactory/blog/713386/,404,2023-02-13T12:29:15
https://habr.com/ru/po4118/,404,2023-02-13T12:29:48
https://habr.com/ru/post89740/,404,2023-02-13T12:29:48
https://habr.com/ru/companykillfactory/blog/713386/,404,2023-02-13T12:29:48
https://habr.com/ru/post89740/,404,2023-02-13T12:31:25
https://habr.com/ru/po4118/,404,2023-02-13T12:31:25
https://habr.com/ru/companykillfactory/blog/713386/,404,2023-02-13T12:31:25
https://habr.com/ru/post89740/,404,2023-02-13T12:32:24
https://habr.com/ru/companykillfactory/blog/713386/,404,2023-02-13T12:32:24
https://habr.com/ru/po4118/,404,2023-02-13T12:32:24
https://habr.com/ru/companykillfactory/blog/713386/,404,2023-02-13T12:39:51
https://habr.com/ru/post89740/,404,2023-02-13T12:39:51
https://habr.com/ru/po4118/,404,2023-02-13T12:39:51
https://habr.com/ru/post89740/,404,2023-02-13T14:11:32
https://habr.com/ru/companykillfactory/blog/713386/,404,2023-02-13T14:11:32
https://habr.com/ru/po4118/,404,2023-02-13T14:11:32
